Model,Accuracy,Accuracy %
BERT Fine-tuned,0.8881688963210702,88.82%
Ensemble (Base+LSTM),0.8839882943143813,88.40%
LSTM (Word2Vec+BiLSTM),0.8699832775919732,87.00%
Baseline (TF-IDF+LogReg),0.8603678929765887,86.04%
